Dependents,ApplicantIncome,CoapplicantIncome,LoanAmount,Loan_Amount_Term,Credit_History,total_income,loan_income_ratio,Gender_Male,Married_Yes,Education_Not Graduate,Self_Employed_Yes,Property_Area_Semiurban,Property_Area_Urban,Loan_Status
0,10608,3568.0,700.0,360.0,1.0,14176.0,0.049379232502160045,1,1,1,0,0,0,1
3,6189,6041.0,700.0,360.0,1.0,12230.0,0.057236304165393596,1,1,0,0,0,0,0
1,6304,10462.0,700.0,36.0,1.0,16766.0,0.04175116306562381,1,1,0,0,1,0,1
3,11135,1773.0,700.0,360.0,1.0,12908.0,0.05422993491987682,1,1,0,0,0,1,1
0,3012,524.0,440.0,360.0,-1.0,3536.0,0.12443438910508077,1,1,0,0,1,0,1
0,6637,7909.0,700.0,180.0,1.0,14546.0,0.048123195376864894,1,1,0,0,0,1,0
0,5289,0.0,700.0,240.0,-1.0,5289.0,0.13235016068588576,1,0,0,0,1,0,1
0,2293,0.0,341.0,360.0,1.0,2293.0,0.14871347573104515,1,0,0,0,0,1,1
2,1934,9841.0,700.0,360.0,1.0,11775.0,0.059447983009813334,1,1,1,0,1,0,0
1,4380,0.0,664.0,180.0,1.0,4380.0,0.15159817348137028,1,0,0,0,0,1,1
2,5795,956.0,700.0,360.0,1.0,6751.0,0.10368834245242359,1,1,0,0,1,0,1
3,14097,0.0,700.0,360.0,1.0,14097.0,0.049655955164243745,1,0,0,0,0,0,1
2,5012,2661.0,700.0,12.0,1.0,7673.0,0.09122898473983722,1,1,0,0,0,0,1
3,5887,3085.0,700.0,360.0,1.0,8972.0,0.0780205082391863,1,1,0,0,0,0,1
1,4778,0.0,700.0,360.0,0.0,4778.0,0.1465048136989316,0,0,0,0,1,0,0
0,2981,0.0,368.0,360.0,1.0,2981.0,0.12344850717093307,1,1,0,1,0,1,1
0,4204,1237.0,700.0,360.0,1.0,5441.0,0.1286528211489335,0,1,1,0,1,0,0
2,5753,2649.0,700.0,360.0,1.0,8402.0,0.0833134967765635,1,1,0,0,0,1,1
2,10174,0.0,700.0,360.0,1.0,10174.0,0.06880283073827376,1,0,0,0,1,0,1
1,4989,0.0,700.0,120.0,1.0,4989.0,0.1403086790658832,0,0,1,0,1,0,1
0,1779,0.0,329.0,360.0,1.0,1779.0,0.18493535683814763,1,0,0,0,1,0,1
0,4529,1301.0,700.0,360.0,1.0,5830.0,0.12006861061405341,1,1,0,0,1,0,1
2,7167,0.0,700.0,360.0,1.0,7167.0,0.09766987580610159,1,0,0,0,1,0,1
0,8797,489.0,700.0,12.0,-1.0,9286.0,0.07538229592123817,1,1,0,0,0,1,1
2,5300,0.0,700.0,360.0,1.0,5300.0,0.1320754716731933,1,0,1,0,1,0,1
0,1219,0.0,700.0,360.0,1.0,1219.0,0.5742411808250687,1,1,0,0,1,0,1
2,2489,0.0,519.0,180.0,0.0,2489.0,0.20851747681457716,0,1,1,0,1,0,0
2,6383,1362.0,700.0,60.0,1.0,7745.0,0.09038089088568355,1,1,0,0,0,1,1
2,7296,875.0,700.0,360.0,1.0,8171.0,0.08566882877424196,0,1,0,0,0,1,0
0,2746,0.0,433.0,300.0,-1.0,2746.0,0.1576839038027371,1,1,0,0,0,0,1
1,4266,1505.0,700.0,360.0,0.0,5771.0,0.12129613583065393,1,1,0,1,1,0,0
0,3626,0.0,543.0,360.0,1.0,3626.0,0.14975179256763602,0,0,1,0,1,0,1
0,7310,1016.0,700.0,360.0,1.0,8326.0,0.0840739850967963,1,1,1,0,0,0,1
2,6104,512.0,700.0,360.0,1.0,6616.0,0.10580411122947338,1,1,1,1,0,1,1
3,3423,0.0,517.0,360.0,0.0,3423.0,0.15103710191322317,1,0,1,0,1,0,0
3,4731,0.0,560.0,360.0,1.0,4731.0,0.11836820965580887,1,0,0,0,0,1,0
0,4818,0.0,559.0,360.0,1.0,4818.0,0.11602324613615125,1,0,0,1,1,0,1
1,34535,1155.0,700.0,360.0,1.0,35690.0,0.019613337068657512,0,1,0,1,1,0,1
1,3513,3768.0,700.0,360.0,-1.0,7281.0,0.09614064000877068,0,1,0,0,1,0,1
0,2635,1924.0,531.0,360.0,-1.0,4559.0,0.1164729107004885,1,1,1,0,1,0,1
0,11257,518.0,700.0,360.0,1.0,11775.0,0.059447983009813334,1,1,0,0,0,1,1
3,3072,2120.0,700.0,360.0,0.0,5192.0,0.13482280428836232,1,1,0,0,1,0,0
0,2435,0.0,432.0,360.0,1.0,2435.0,0.17741273093330073,1,0,1,0,1,0,1
2,6108,0.0,700.0,360.0,-1.0,6108.0,0.11460379827855209,1,0,0,0,0,0,1
0,6097,2645.0,700.0,360.0,1.0,8742.0,0.08007320978265005,1,1,0,0,1,0,1
0,4922,1914.0,700.0,36.0,0.0,6836.0,0.10239906376500892,0,1,0,0,0,0,0
0,7316,0.0,700.0,360.0,1.0,7316.0,0.09568069982289766,1,0,0,0,0,1,1
0,6993,2933.0,700.0,360.0,1.0,9926.0,0.07052186177004616,1,1,0,1,1,0,1
2,4601,4172.0,700.0,360.0,1.0,8773.0,0.07979026557850333,1,1,0,0,1,0,1
0,6082,0.0,700.0,360.0,1.0,6082.0,0.11509371915240155,1,0,0,0,0,1,1
0,2066,2744.0,661.0,360.0,1.0,4810.0,0.13742203739346734,1,1,0,0,0,1,1
0,4550,1731.0,700.0,180.0,1.0,6281.0,0.1114472217622278,0,1,0,0,1,0,1
1,1877,1222.0,504.0,360.0,1.0,3099.0,0.16263310740153822,1,1,0,0,0,1,1
2,4683,1049.0,695.0,360.0,1.0,5732.0,0.12124912768296421,1,1,1,0,0,1,1
2,3903,1024.0,615.0,360.0,0.0,4927.0,0.12482240711897251,1,1,0,0,0,0,0
1,4204,0.0,700.0,360.0,1.0,4204.0,0.16650808749607324,1,0,0,0,0,0,1
0,1628,0.0,313.0,360.0,0.0,1628.0,0.19226044214234617,1,0,0,0,0,0,0
0,6581,2079.0,700.0,360.0,0.0,8660.0,0.08083140876664764,1,1,0,0,0,1,0
0,4514,0.0,587.0,360.0,0.0,4514.0,0.13003987591270716,1,0,1,0,0,1,1
0,4968,759.0,700.0,360.0,1.0,5727.0,0.122228042583861,1,1,0,0,1,0,1
0,3437,3469.0,700.0,360.0,1.0,6906.0,0.10136113523003748,0,1,1,0,0,0,1
0,6112,552.0,700.0,180.0,1.0,6664.0,0.10504201679096008,0,1,0,0,1,0,1
0,3981,0.0,700.0,360.0,1.0,3981.0,0.17583521723792134,1,0,1,0,0,1,1
3,4023,223.0,700.0,60.0,1.0,4246.0,0.16486104565123386,1,1,0,0,0,1,1
0,7673,2720.0,700.0,60.0,1.0,10393.0,0.06735302606876234,1,1,0,0,0,1,1
0,2764,1460.0,700.0,360.0,1.0,4224.0,0.16571969693046407,1,1,1,0,0,1,1
0,10617,5116.0,700.0,360.0,1.0,15733.0,0.044492468057936024,1,1,0,0,1,0,1
0,3503,0.0,700.0,360.0,1.0,3503.0,0.19982871818446227,0,0,0,0,0,1,1
1,6033,0.0,700.0,360.0,1.0,6033.0,0.11602850984319102,1,1,0,1,0,1,0
0,4004,11558.0,700.0,120.0,0.0,15562.0,0.04498136486023767,1,1,0,0,0,0,0
0,8261,0.0,700.0,360.0,1.0,8261.0,0.08473550416599256,1,0,0,0,1,0,1
1,2567,1175.0,472.0,180.0,1.0,3742.0,0.12613575624635603,1,1,1,0,1,0,1
2,6302,0.0,700.0,180.0,1.0,6302.0,0.11107584891921995,1,0,0,0,1,0,0
0,5192,1308.0,700.0,360.0,1.0,6500.0,0.10769230767573965,1,1,0,1,1,0,1
2,3320,0.0,393.0,300.0,0.0,3320.0,0.11837349394024896,1,0,0,0,0,1,0
0,3257,0.0,522.0,180.0,1.0,3257.0,0.16027018723970826,1,0,0,0,1,0,1
0,3557,0.0,474.0,360.0,-1.0,3557.0,0.13325836375224673,0,0,0,0,1,0,1
1,6473,423.0,700.0,60.0,1.0,6896.0,0.10150812063493211,1,1,1,0,1,0,1
0,5057,0.0,700.0,360.0,1.0,5057.0,0.1384219892943599,1,0,0,0,0,1,1
0,4982,126.0,700.0,360.0,1.0,5108.0,0.13703993732634298,1,1,1,0,1,0,1
0,4342,0.0,700.0,360.0,1.0,4342.0,0.1612160294423731,1,1,0,0,0,0,0
0,2881,0.0,631.0,360.0,1.0,2881.0,0.2190211731277261,0,0,0,0,1,0,1
0,5194,7098.0,700.0,180.0,1.0,12292.0,0.05694760819582268,1,1,1,0,0,1,1
1,10857,1170.0,700.0,360.0,1.0,12027.0,0.05820237797803256,1,1,0,1,0,0,0
1,2122,1541.0,474.0,360.0,1.0,3663.0,0.1294021293668026,1,1,1,1,1,0,1
2,19170,0.0,700.0,360.0,1.0,19170.0,0.03651538862615986,1,0,0,0,1,0,1
1,5571,1316.0,700.0,300.0,1.0,6887.0,0.10164077245511241,1,1,1,1,0,1,1
1,3541,917.0,551.0,300.0,1.0,4458.0,0.12359802599291206,1,1,0,0,0,1,1
0,9950,0.0,700.0,360.0,0.0,9950.0,0.07035175878689932,1,0,0,0,1,0,0
2,9274,6560.0,700.0,180.0,0.0,15834.0,0.04420866489552806,0,1,0,0,1,0,0
2,5329,1274.0,700.0,360.0,1.0,6603.0,0.10601241858155196,1,1,0,0,1,0,1
3,6155,1928.0,700.0,360.0,1.0,8083.0,0.08660150932987733,1,1,0,0,0,1,1
0,4162,5471.0,700.0,360.0,0.0,9633.0,0.07266687427876395,1,1,0,0,0,1,0
1,8971,0.0,700.0,360.0,1.0,8971.0,0.07802920520811178,1,1,0,0,0,0,1
0,5111,2013.0,700.0,360.0,1.0,7124.0,0.09825940481495515,1,1,0,0,1,0,1
1,4892,4434.0,700.0,360.0,1.0,9326.0,0.0750589749008086,1,1,0,1,0,1,0
0,2196,0.0,255.0,360.0,1.0,2196.0,0.11612021852635691,0,1,0,0,0,1,0
3,5773,2503.0,700.0,360.0,1.0,8276.0,0.08458192362438594,1,1,1,0,0,1,1
2,7670,2017.0,700.0,180.0,1.0,9687.0,0.07226179414965812,1,1,1,0,0,0,1
0,5505,0.0,680.0,360.0,1.0,5505.0,0.12352406900571769,0,0,0,0,0,1,0
0,7175,2187.0,700.0,120.0,-1.0,9362.0,0.07477034820820654,1,1,1,0,0,1,1
0,2097,1411.0,461.0,360.0,1.0,3508.0,0.1314139110229721,0,1,1,0,0,1,1
1,2145,0.0,307.0,12.0,1.0,2145.0,0.14312354305681887,0,0,0,0,1,0,1
0,3317,5782.0,700.0,360.0,1.0,9099.0,0.07693153092901071,0,1,0,0,0,0,1
2,7916,0.0,700.0,360.0,1.0,7916.0,0.08842849923087058,1,0,0,0,0,0,1
3,4363,0.0,598.0,180.0,1.0,4363.0,0.13706165479324736,1,0,0,0,0,0,0
2,11283,0.0,700.0,360.0,0.0,11283.0,0.06204023751998225,1,0,0,0,1,0,0
0,5398,0.0,672.0,360.0,1.0,5398.0,0.1244905520332548,1,0,0,0,0,1,1
1,1717,0.0,204.0,360.0,1.0,1717.0,0.11881188111892144,1,1,0,0,0,1,1
0,5434,17748.0,700.0,360.0,0.0,23182.0,0.030195841599939786,1,1,0,0,0,0,0
2,8294,2765.0,700.0,180.0,1.0,11059.0,0.06329686227838892,1,1,0,0,0,1,1
2,3105,931.0,629.0,360.0,-1.0,4036.0,0.1558473735986503,1,1,0,0,0,1,1
0,3259,2762.0,700.0,360.0,1.0,6021.0,0.11625975749605384,1,1,0,0,0,1,1
0,7539,0.0,700.0,360.0,0.0,7539.0,0.0928505106654927,0,1,0,0,1,0,1
0,7438,4718.0,700.0,360.0,1.0,12156.0,0.05758473181494038,1,1,0,0,0,0,1
1,7101,1000.0,700.0,84.0,1.0,8101.0,0.08640908528744487,1,1,0,1,0,1,0
1,3836,4088.0,700.0,360.0,1.0,7924.0,0.08833922260369267,1,1,0,0,1,0,1
2,16796,758.0,700.0,360.0,1.0,17554.0,0.039876951119979666,0,1,0,0,0,1,1
0,6174,1299.0,700.0,360.0,-1.0,7473.0,0.09367054729109185,1,1,0,0,0,1,1
1,3784,1447.0,660.0,360.0,1.0,5231.0,0.12617090420069377,1,1,1,0,1,0,1
0,5939,1217.0,700.0,180.0,1.0,7156.0,0.0978200111657602,0,1,0,0,1,0,0
0,4116,5308.0,700.0,360.0,-1.0,9424.0,0.07427843802267843,1,1,0,0,1,0,0
0,2821,203.0,473.0,360.0,1.0,3024.0,0.15641534386361927,1,1,0,1,0,0,0
0,9502,1792.0,700.0,84.0,0.0,11294.0,0.061979812284223494,1,1,0,0,1,0,0
3,7827,0.0,700.0,360.0,0.0,7827.0,0.08943401046512917,1,0,0,1,1,0,1
1,5265,0.0,700.0,360.0,1.0,5265.0,0.1329534662615473,1,0,1,0,0,1,1
3,3270,0.0,416.0,180.0,1.0,3270.0,0.1272171253433587,1,1,0,0,1,0,1
1,6493,746.0,700.0,360.0,1.0,7239.0,0.09669843899755512,1,1,0,0,0,1,1
0,2465,617.0,550.0,360.0,1.0,3082.0,0.17845554828732788,1,1,0,0,1,0,1
2,5836,0.0,700.0,360.0,1.0,5836.0,0.11994516790268245,1,0,0,0,0,1,1
1,4895,0.0,700.0,360.0,1.0,4895.0,0.14300306432216484,1,0,0,0,0,1,1
0,7452,0.0,700.0,300.0,1.0,7452.0,0.09393451421176402,0,0,1,0,1,0,1
0,4579,0.0,700.0,360.0,1.0,4579.0,0.15287180603780917,1,0,0,0,0,0,1
2,3534,0.0,508.0,360.0,1.0,3534.0,0.14374646289084708,1,0,0,0,1,0,1
0,6511,1548.0,700.0,360.0,1.0,8059.0,0.08685941182691904,0,1,0,0,0,1,1
0,24709,894.0,700.0,360.0,1.0,25603.0,0.027340546028694273,1,1,0,0,1,0,1
0,7152,0.0,700.0,360.0,1.0,7152.0,0.09787472034425689,0,0,0,0,1,0,1
0,3428,2020.0,619.0,360.0,1.0,5448.0,0.11361967692481283,0,1,0,0,0,1,1
0,9719,1686.0,700.0,360.0,1.0,11405.0,0.06137658920987491,1,1,0,0,1,0,1
0,14296,0.0,700.0,360.0,1.0,14296.0,0.04896474537989894,1,1,0,0,0,1,1
2,10146,778.0,700.0,360.0,0.0,10924.0,0.0640790919018602,1,1,0,0,0,1,1
0,9577,7501.0,700.0,360.0,1.0,17078.0,0.04098840613414988,1,1,0,0,0,1,1
0,5417,1190.0,700.0,360.0,1.0,6607.0,0.105948236702596,0,1,0,0,0,1,1
3,3402,1822.0,700.0,360.0,1.0,5224.0,0.13399693718721345,1,1,0,0,0,0,1
1,5370,9388.0,700.0,360.0,1.0,14758.0,0.047431901338431226,0,1,0,0,0,0,1
0,4485,578.0,700.0,360.0,1.0,5063.0,0.13825794980480782,0,1,0,0,0,1,1
0,3611,2594.0,700.0,240.0,1.0,6205.0,0.11281224816876514,1,1,0,0,1,0,0
0,2900,9044.0,700.0,360.0,1.0,11944.0,0.05860683187720974,1,1,0,0,0,1,1
0,5300,0.0,700.0,360.0,1.0,5300.0,0.1320754716731933,1,0,0,0,0,1,1
0,13327,0.0,700.0,360.0,1.0,13327.0,0.05252494934700045,1,0,1,0,1,0,1
0,3657,4101.0,700.0,360.0,1.0,7758.0,0.09022944056583791,1,1,0,1,1,0,1
0,11589,1909.0,700.0,360.0,1.0,13498.0,0.051859534742046264,1,1,1,0,0,1,1
0,8318,199.0,700.0,360.0,1.0,8517.0,0.08218856403872389,1,1,0,0,0,1,1
2,3517,0.0,447.0,360.0,1.0,3517.0,0.12709695759820958,1,0,0,1,0,1,0
2,1865,2503.0,578.0,360.0,1.0,4368.0,0.1323260072957129,1,1,0,0,0,1,0
1,9603,1736.0,700.0,120.0,1.0,11339.0,0.06173383895742712,1,1,0,0,1,0,1
2,9457,0.0,700.0,180.0,1.0,9457.0,0.07401924499587403,1,0,0,0,0,0,1
1,5078,915.0,700.0,360.0,1.0,5993.0,0.11680293674006291,1,1,0,0,0,0,0
3,6256,0.0,700.0,120.0,1.0,6256.0,0.11189258310231895,1,1,0,0,1,0,1
0,8872,2780.0,700.0,240.0,1.0,11652.0,0.060075523510120535,1,1,0,0,0,0,1
2,3610,2818.0,700.0,360.0,1.0,6428.0,0.10889856874472642,1,1,0,0,0,1,1
0,5179,10506.0,700.0,360.0,0.0,15685.0,0.044628626073023356,1,1,1,0,1,0,0
3,1228,5412.0,700.0,360.0,1.0,6640.0,0.10542168673111119,1,1,1,1,0,0,1
0,7606,3029.0,700.0,36.0,1.0,10635.0,0.06582040431915182,1,1,1,1,0,1,1
1,3410,2481.0,700.0,180.0,-1.0,5891.0,0.11882532674947796,1,1,0,0,0,1,0
0,2905,0.0,413.0,360.0,1.0,2905.0,0.1421686746498559,1,0,1,0,1,0,1
0,5950,0.0,700.0,360.0,1.0,5950.0,0.1176470588037568,1,0,0,0,0,1,1
0,3275,2963.0,700.0,360.0,1.0,6238.0,0.11221545365305939,1,1,1,0,1,0,0
2,6640,3600.0,700.0,360.0,1.0,10240.0,0.06835937499332428,1,1,0,1,0,1,1
3,2783,798.0,700.0,36.0,0.0,3581.0,0.1954761239331259,1,1,0,0,0,0,0
1,4444,7786.0,700.0,360.0,1.0,12230.0,0.057236304165393596,1,1,0,0,1,0,1
1,3410,837.0,622.0,360.0,-1.0,4247.0,0.14645632207523984,1,1,0,0,0,1,1
0,6421,0.0,700.0,360.0,0.0,6421.0,0.1090172870099646,0,0,0,0,0,1,0
0,4916,418.0,700.0,360.0,-1.0,5334.0,0.1312335957759217,1,1,0,0,1,0,0
0,6257,841.0,700.0,360.0,1.0,7098.0,0.09861932937466619,1,1,1,0,0,0,1
0,2464,0.0,289.0,360.0,1.0,2464.0,0.11728896099136,1,0,0,0,0,1,1
2,8641,2290.0,700.0,36.0,1.0,10931.0,0.06403805689652932,1,1,0,1,1,0,0
2,7791,0.0,700.0,360.0,1.0,7791.0,0.08984725964704822,1,0,0,0,0,0,1
0,3466,0.0,700.0,360.0,1.0,3466.0,0.20196191569476,0,0,1,0,0,1,0
2,8605,3064.0,700.0,360.0,0.0,11669.0,0.05998800239437929,0,1,0,0,0,1,1
0,6136,0.0,700.0,360.0,-1.0,6136.0,0.1140808344012254,1,0,0,0,1,0,1
0,3171,1307.0,700.0,360.0,1.0,4478.0,0.15631978558367132,1,1,0,0,0,0,1
0,21907,0.0,700.0,120.0,1.0,21907.0,0.0319532569483748,1,0,0,0,0,1,1
0,6034,0.0,700.0,360.0,1.0,6034.0,0.11600928072323345,1,1,1,0,0,0,1
0,3950,1670.0,700.0,360.0,0.0,5620.0,0.1245551601201859,1,1,0,0,0,1,1
0,4685,0.0,641.0,360.0,1.0,4685.0,0.13681963711060413,1,0,0,0,0,0,1
1,7825,2544.0,700.0,180.0,1.0,10369.0,0.06750892081516936,1,1,1,0,1,0,1
2,4759,0.0,593.0,360.0,1.0,4759.0,0.12460600963971295,0,0,0,0,1,0,1
0,4789,0.0,700.0,360.0,1.0,4789.0,0.14616830232905234,1,0,0,1,1,0,1
0,19532,0.0,700.0,360.0,1.0,19532.0,0.035838623795011335,0,0,0,0,0,0,0
3,4923,0.0,700.0,240.0,1.0,4923.0,0.14218972168551905,1,0,0,0,1,0,1
1,11343,23346.0,700.0,360.0,0.0,34689.0,0.0201793075608931,0,1,0,0,1,0,0
2,6444,1498.0,700.0,360.0,1.0,7942.0,0.08813900779549999,1,1,0,0,0,0,1
0,3138,0.0,532.0,360.0,0.0,3138.0,0.16953473544629233,1,0,0,0,0,0,0
2,5027,1016.0,700.0,360.0,1.0,6043.0,0.1158365050279933,1,1,0,0,0,0,1
2,4434,2219.0,700.0,360.0,1.0,6653.0,0.10521569215313156,1,1,0,0,0,0,0
2,2011,3953.0,700.0,300.0,1.0,5964.0,0.11737089199909945,1,1,1,0,0,1,1
2,7578,926.0,700.0,360.0,1.0,8504.0,0.08231420507028289,1,1,0,0,1,0,1
1,6500,2426.0,700.0,120.0,1.0,8926.0,0.07842258569589708,1,1,0,0,0,0,0
0,4687,3328.0,700.0,60.0,0.0,8015.0,0.08733624453058811,1,1,0,0,0,0,0
0,7007,1330.0,700.0,240.0,1.0,8337.0,0.08396305624517655,0,1,0,0,1,0,1
0,6981,0.0,700.0,360.0,1.0,6981.0,0.10027216729690987,1,0,0,0,0,0,1
0,3628,0.0,529.0,360.0,1.0,3628.0,0.14581036379663442,1,0,1,0,1,0,1
0,7686,2491.0,700.0,240.0,1.0,10177.0,0.06878254887798146,1,1,1,1,0,1,1
0,7025,5522.0,700.0,360.0,0.0,12547.0,0.05579022873549133,1,1,0,0,1,0,1
0,6536,5359.0,700.0,360.0,1.0,11895.0,0.058848255564619735,1,1,0,0,0,0,1
0,2497,13128.0,700.0,360.0,0.0,15625.0,0.0447999999971328,1,1,0,0,1,0,0
0,6030,5011.0,700.0,180.0,1.0,11041.0,0.06340005433716148,1,1,0,0,0,1,1
3,8321,5312.0,700.0,360.0,0.0,13633.0,0.051345998675908014,1,1,1,0,0,1,0
0,3678,2284.0,700.0,240.0,1.0,5962.0,0.11741026499204792,0,1,0,0,1,0,0
0,3615,0.0,695.0,360.0,1.0,3615.0,0.19225449510587705,1,0,0,0,0,0,1
0,5859,319.0,700.0,360.0,1.0,6178.0,0.1133052767702646,1,1,0,0,0,1,1
3,3932,3876.0,700.0,360.0,1.0,7808.0,0.08965163933278027,1,1,1,0,1,0,1
0,2237,0.0,373.0,360.0,1.0,2237.0,0.16674117113690606,1,1,1,0,0,1,0
2,10202,4074.0,700.0,360.0,1.0,14276.0,0.04903334266958298,1,1,0,0,0,1,0
1,14296,1448.0,700.0,360.0,1.0,15744.0,0.044461382110997115,1,1,1,0,0,1,0
0,4156,2537.0,700.0,360.0,1.0,6693.0,0.10458688180119724,1,1,0,0,0,0,1
0,9945,1950.0,700.0,360.0,1.0,11895.0,0.058848255564619735,1,1,1,0,0,0,1
2,3464,0.0,605.0,360.0,1.0,3464.0,0.17465357962625475,1,1,0,0,0,1,1
0,2896,0.0,419.0,240.0,1.0,2896.0,0.14468232039202958,1,0,0,0,0,1,1
1,4191,4311.0,700.0,360.0,1.0,8502.0,0.08233356856241665,1,1,1,0,1,0,0
0,3138,0.0,505.0,360.0,1.0,3138.0,0.16093052894807824,0,1,0,0,0,0,1
2,1831,871.0,336.0,360.0,1.0,2702.0,0.12435233156019529,0,1,0,0,0,0,1
0,2593,1097.0,548.0,360.0,1.0,3690.0,0.14850948505460448,1,1,0,0,1,0,1
2,2890,3322.0,700.0,360.0,1.0,6212.0,0.11268512554528572,1,1,0,0,0,0,1
0,3311,2339.0,700.0,360.0,1.0,5650.0,0.1238938052878064,1,1,0,0,1,0,1
0,4369,3846.0,700.0,36.0,-1.0,8215.0,0.0852099817303457,1,1,0,0,0,1,1
0,6866,891.0,700.0,180.0,1.0,7757.0,0.09024107256797201,1,1,0,1,0,1,1
0,8454,0.0,700.0,36.0,-1.0,8454.0,0.08280104091757735,1,0,0,0,1,0,1
3,3946,9176.0,700.0,180.0,1.0,13122.0,0.053345526592490054,1,1,1,1,0,1,1
0,1958,3283.0,644.0,360.0,1.0,5241.0,0.12287731346634662,1,1,0,0,0,0,1
0,4080,3982.0,700.0,360.0,1.0,8062.0,0.08682709004132633,1,1,0,0,0,1,1
3,6450,0.0,700.0,360.0,1.0,6450.0,0.10852713176611982,1,0,0,1,1,0,1
0,3346,0.0,656.0,360.0,1.0,3346.0,0.1960549909754767,1,0,0,0,0,1,1
1,3697,0.0,700.0,60.0,1.0,3697.0,0.189342710254438,1,0,1,0,1,0,1
1,11342,0.0,700.0,360.0,0.0,11342.0,0.061717510133863736,1,0,0,1,0,1,0
0,6816,0.0,700.0,360.0,1.0,6816.0,0.1026995305013645,1,1,0,0,0,1,1
0,6165,0.0,700.0,180.0,1.0,6165.0,0.11354420111702446,1,0,0,1,0,0,1
0,5393,0.0,700.0,360.0,1.0,5393.0,0.12979788612464344,1,0,1,0,1,0,0
2,6044,2325.0,700.0,360.0,-1.0,8369.0,0.0836420121778418,0,1,0,0,0,0,1
0,5397,904.0,700.0,360.0,1.0,6301.0,0.11109347720820607,1,1,1,0,0,1,1
3,3218,406.0,459.0,60.0,1.0,3624.0,0.12665562910412373,1,1,1,0,1,0,1
0,2819,877.0,700.0,360.0,1.0,3696.0,0.18939393934269644,1,1,0,0,0,1,0
0,4335,0.0,499.0,240.0,1.0,4335.0,0.11510957321450759,0,0,1,0,1,0,1
0,6690,1086.0,700.0,360.0,0.0,7776.0,0.09002057612011052,1,1,1,0,1,0,0
0,3178,0.0,362.0,12.0,1.0,3178.0,0.11390811827756196,0,0,1,1,0,0,0
3,4559,1766.0,700.0,84.0,1.0,6325.0,0.11067193674139574,1,1,0,0,0,0,0
2,3164,1906.0,700.0,180.0,1.0,5070.0,0.13806706111675204,1,1,1,0,1,0,1
0,2088,8610.0,700.0,360.0,1.0,10698.0,0.06543279116980437,1,1,0,0,1,0,1
1,4988,0.0,700.0,360.0,1.0,4988.0,0.14033680831188114,1,0,0,0,0,1,0
2,5316,4363.0,700.0,360.0,1.0,9679.0,0.07232152081079435,1,1,0,1,0,1,1
0,1990,4097.0,700.0,360.0,1.0,6087.0,0.11499917855840329,1,1,0,0,0,1,1
2,2435,0.0,512.0,360.0,1.0,2435.0,0.21026694036539345,1,0,0,0,0,0,0
2,3464,1433.0,700.0,360.0,1.0,4897.0,0.14294465996672562,1,1,0,0,0,1,0
0,7094,11840.0,700.0,360.0,1.0,18934.0,0.03697052920476547,1,1,1,0,1,0,1
0,11200,581.0,700.0,360.0,1.0,11781.0,0.05941770647148648,1,1,0,0,0,1,0
1,13167,7719.0,700.0,240.0,0.0,20886.0,0.03351527338726825,1,1,0,0,0,0,1
0,13762,0.0,700.0,360.0,1.0,13762.0,0.05086469989457457,1,1,0,1,0,1,1
0,2941,6030.0,700.0,360.0,1.0,8971.0,0.07802920520811178,1,1,0,0,0,0,1
0,7838,0.0,700.0,360.0,1.0,7838.0,0.08930849705418366,1,1,0,1,0,1,1
1,2647,0.0,458.0,12.0,1.0,2647.0,0.17302606718057195,1,1,0,0,1,0,1
2,19582,686.0,700.0,360.0,1.0,20268.0,0.03453720149819729,1,1,0,0,0,0,1
0,4959,0.0,700.0,360.0,1.0,4959.0,0.14115749140125883,1,0,1,0,0,1,1
1,2652,1341.0,700.0,360.0,1.0,3993.0,0.17530678683313128,1,1,0,0,0,1,1
0,2164,843.0,631.0,360.0,1.0,3007.0,0.2098436979681265,1,1,1,0,0,0,0
0,3087,8411.0,700.0,180.0,1.0,11498.0,0.0608801530648043,1,1,0,1,0,1,1
2,1748,1032.0,315.0,360.0,1.0,2780.0,0.11330935247722686,1,1,0,0,0,1,0
2,5117,0.0,700.0,12.0,1.0,5117.0,0.13679890558202093,1,1,0,1,1,0,1
0,8873,8760.0,700.0,360.0,-1.0,17633.0,0.03969829297115078,1,1,0,0,0,0,1
0,4968,660.0,700.0,360.0,1.0,5628.0,0.12437810943063643,1,1,1,0,0,0,1
0,23312,0.0,700.0,360.0,0.0,23312.0,0.030027453670640553,1,0,0,0,0,1,0
1,2990,0.0,635.0,360.0,-1.0,2990.0,0.21237458186877106,1,0,0,1,0,1,1
3,5986,810.0,700.0,360.0,0.0,6796.0,0.10300176572939938,1,1,1,0,0,1,0
0,7314,1442.0,700.0,360.0,1.0,8756.0,0.07994518043856268,1,1,0,0,0,1,1
2,4469,0.0,673.0,360.0,0.0,4469.0,0.1505929737859492,1,0,0,1,1,0,1
2,17316,854.0,700.0,360.0,1.0,18170.0,0.03852504127470968,1,1,0,0,0,0,1
2,6435,0.0,700.0,360.0,1.0,6435.0,0.10878010876320433,1,0,0,0,1,0,1
0,4847,2620.0,700.0,360.0,0.0,7467.0,0.09374581490642214,1,1,0,0,0,0,1
3,4494,0.0,590.0,360.0,1.0,4494.0,0.13128615929432882,1,0,0,0,0,1,1
0,6186,3950.0,700.0,360.0,1.0,10136.0,0.06906077347384956,0,1,0,0,1,0,1
3,3312,0.0,542.0,360.0,1.0,3312.0,0.16364734294575867,1,0,0,0,0,0,1
0,13836,0.0,700.0,360.0,1.0,13836.0,0.0505926568335796,1,0,1,1,0,1,1
1,6268,0.0,700.0,360.0,0.0,6268.0,0.11167836628722425,0,0,0,0,0,0,0
0,5881,0.0,700.0,360.0,1.0,5881.0,0.1190273762763089,1,1,0,0,0,1,1
0,6999,967.0,700.0,360.0,0.0,7966.0,0.08787346220338017,1,1,0,0,0,0,0
0,4991,1905.0,700.0,360.0,1.0,6896.0,0.10150812063493211,1,1,0,0,1,0,1
3,9040,1687.0,700.0,360.0,1.0,10727.0,0.0652558963302642,1,1,0,0,0,1,1
0,3798,8440.0,700.0,240.0,1.0,12238.0,0.05719888870263124,1,1,0,0,0,0,1
0,4370,0.0,700.0,360.0,-1.0,4370.0,0.1601830663249009,1,0,0,0,0,0,1
0,8755,11127.0,700.0,360.0,-1.0,19882.0,0.035207725579156635,1,1,0,0,1,0,1
2,3294,0.0,487.0,240.0,1.0,3294.0,0.14784456583246977,1,1,0,0,0,0,1
0,4906,0.0,621.0,180.0,1.0,4906.0,0.12657969830277624,1,0,0,0,0,1,0
1,5217,0.0,700.0,360.0,1.0,5217.0,0.13417672989569163,1,1,0,0,0,0,1
3,3647,0.0,589.0,360.0,1.0,3647.0,0.1615026048364402,1,1,0,0,1,0,1
1,10558,0.0,700.0,240.0,1.0,10558.0,0.06630043568229774,0,0,0,0,0,1,1
0,4489,840.0,654.0,360.0,1.0,5329.0,0.12272471380695726,1,1,0,0,1,0,1
0,6081,0.0,700.0,120.0,1.0,6081.0,0.1151126459274605,0,1,1,0,1,0,1
0,1682,1967.0,519.0,360.0,1.0,3649.0,0.14223074811120012,1,1,0,0,1,0,0
1,9263,0.0,700.0,360.0,1.0,9263.0,0.0755694699259884,0,0,0,0,0,1,1
0,4338,0.0,536.0,360.0,0.0,4338.0,0.1235592438627111,0,0,0,0,0,0,0
2,3391,0.0,568.0,360.0,-1.0,3391.0,0.16750221168755464,1,0,1,0,1,0,1
0,3656,0.0,700.0,360.0,1.0,3656.0,0.19146608309861432,1,0,1,0,0,0,0
0,4424,279.0,620.0,360.0,1.0,4703.0,0.13183074630409722,0,1,0,0,0,0,1
0,3361,0.0,473.0,300.0,1.0,3361.0,0.14073192498044276,0,1,0,0,0,1,1
3,4593,0.0,700.0,360.0,1.0,4593.0,0.15240583493307078,1,0,0,0,1,0,1
2,4465,0.0,700.0,180.0,1.0,4465.0,0.15677491597832588,1,1,1,0,0,0,1
1,6144,0.0,700.0,360.0,1.0,6144.0,0.11393229164812299,1,1,0,0,1,0,1
2,9832,0.0,700.0,240.0,1.0,9832.0,0.07119609437843814,0,1,0,0,0,0,1
1,9217,0.0,700.0,36.0,1.0,9217.0,0.07594662036715345,1,0,1,0,0,1,1
2,12904,0.0,700.0,360.0,-1.0,12904.0,0.05424674519108441,1,0,0,0,0,1,1
2,5647,0.0,674.0,360.0,1.0,5647.0,0.11935540993105093,1,0,1,0,1,0,1
0,15712,0.0,700.0,360.0,1.0,15712.0,0.04455193482404837,1,0,0,0,0,1,0
2,10462,2704.0,700.0,360.0,0.0,13166.0,0.053167248970593405,1,1,0,0,1,0,0
0,5085,0.0,700.0,360.0,-1.0,5085.0,0.13765978365041104,1,0,0,1,0,1,0
0,5345,0.0,700.0,360.0,1.0,5345.0,0.1309635172813913,1,1,0,1,0,0,1
1,10195,288.0,700.0,360.0,1.0,10483.0,0.06677477820597398,1,1,0,0,1,0,1
2,18072,0.0,700.0,360.0,1.0,18072.0,0.03873395307443925,1,0,0,0,1,0,1
0,6693,0.0,700.0,36.0,1.0,6693.0,0.10458688180119724,1,1,1,0,0,1,1
0,3608,2426.0,700.0,240.0,1.0,6034.0,0.11600928072323345,1,1,1,0,0,0,0
0,5252,1450.0,700.0,84.0,1.0,6702.0,0.10444643388474388,1,1,0,0,0,0,1
0,9813,0.0,700.0,360.0,-1.0,9813.0,0.07133394475987628,1,0,0,0,1,0,1
0,4156,0.0,473.0,360.0,1.0,4156.0,0.11381135704672488,1,0,0,0,0,1,1
3,2364,2553.0,556.0,180.0,-1.0,4917.0,0.11307707949703537,1,1,0,0,1,0,1
0,16582,0.0,700.0,360.0,-1.0,16582.0,0.042214449400421274,0,0,0,0,0,0,1
0,6304,0.0,700.0,360.0,-1.0,6304.0,0.11104060911944152,1,1,0,0,0,0,1
0,9215,0.0,700.0,360.0,1.0,9215.0,0.07596310362713368,1,0,1,0,1,0,1
0,5676,1066.0,700.0,360.0,1.0,6742.0,0.10382675762328289,1,1,1,0,1,0,1
3,4223,0.0,700.0,240.0,0.0,4223.0,0.165758939103538,1,0,1,0,0,1,0
0,5209,2848.0,700.0,360.0,1.0,8057.0,0.08688097305611506,1,1,0,0,0,0,1
0,4888,2051.0,700.0,360.0,0.0,6939.0,0.10087908919139946,1,1,1,0,1,0,1
2,2925,6369.0,700.0,360.0,-1.0,9294.0,0.07531740907302373,1,1,1,0,0,1,1
0,3650,4778.0,700.0,360.0,1.0,8428.0,0.08305647839546078,1,1,0,0,1,0,1
0,3362,0.0,594.0,180.0,1.0,3362.0,0.1766805472407256,1,0,0,0,1,0,0
0,4514,11991.0,700.0,360.0,1.0,16505.0,0.042411390485161383,1,1,0,0,0,1,0
0,6263,0.0,700.0,360.0,0.0,6263.0,0.1117675235331682,1,0,0,0,0,1,0
0,4709,1422.0,700.0,360.0,1.0,6131.0,0.11417387047558736,1,1,0,0,0,0,1
2,2694,2520.0,700.0,360.0,1.0,5214.0,0.1342539316965374,1,1,0,0,0,1,1
0,2631,0.0,383.0,360.0,1.0,2631.0,0.14557202579035652,0,0,0,0,0,0,1
0,7650,1337.0,700.0,180.0,1.0,8987.0,0.07789028595995434,1,1,1,0,0,0,1
0,2454,0.0,304.0,360.0,1.0,2454.0,0.1238793805526164,1,0,0,0,0,0,0
0,9412,461.0,700.0,300.0,1.0,9873.0,0.07090043552406558,1,1,0,0,1,0,1
1,8476,2711.0,700.0,360.0,1.0,11187.0,0.06257262893871703,1,1,0,0,0,1,0
0,4336,0.0,600.0,360.0,0.0,4336.0,0.13837638373192426,1,0,0,0,0,1,0
0,3659,0.0,700.0,360.0,1.0,3659.0,0.19130910079494148,0,0,0,0,0,0,1
2,10866,0.0,700.0,360.0,-1.0,10866.0,0.06442113012475417,1,0,1,0,0,1,0
3,5676,0.0,700.0,360.0,1.0,5676.0,0.1233262860952561,0,1,0,0,0,1,1
0,5401,3056.0,700.0,360.0,1.0,8457.0,0.08277166843055792,1,1,0,0,0,1,1
0,4717,0.0,700.0,360.0,1.0,4717.0,0.14839940637091384,1,0,0,0,0,1,0
0,10961,1313.0,700.0,360.0,0.0,12274.0,0.05703112269374033,1,1,0,0,0,1,0
0,6096,1113.0,700.0,180.0,1.0,7209.0,0.09710084615104718,0,1,0,0,1,0,1
1,2406,5935.0,700.0,360.0,1.0,8341.0,0.08392279102218884,1,1,0,0,1,0,1
1,7887,10438.0,700.0,12.0,1.0,18325.0,0.03819918144402733,1,1,0,0,0,0,1
3,1528,0.0,302.0,360.0,-1.0,1528.0,0.19764397892824345,1,0,0,0,0,0,1
3,4547,30376.0,700.0,360.0,0.0,34923.0,0.020044097012855592,1,1,0,0,0,0,0
0,2926,0.0,455.0,360.0,1.0,2926.0,0.15550239229135257,1,0,0,0,0,1,1
0,2375,0.0,506.0,84.0,1.0,2375.0,0.213052631489241,0,1,0,0,1,0,0
2,6420,0.0,700.0,360.0,0.0,6420.0,0.10903426789578904,1,0,1,0,0,0,0
0,3568,2165.0,700.0,360.0,0.0,5733.0,0.12210012207882433,1,1,0,1,0,1,0
0,5867,286.0,700.0,360.0,1.0,6153.0,0.11376564275739222,1,1,1,0,1,0,1
0,4929,0.0,700.0,360.0,1.0,4929.0,0.14201663620571786,1,0,0,0,0,1,1
0,5364,1075.0,700.0,360.0,1.0,6439.0,0.10871253298513549,0,1,1,0,0,1,1
0,3389,0.0,382.0,360.0,1.0,3389.0,0.11271761578261505,1,0,0,0,1,0,1
0,3283,1172.0,700.0,360.0,1.0,4455.0,0.15712682375822068,1,1,0,0,1,0,1
0,10021,5581.0,700.0,240.0,0.0,15602.0,0.04486604281214805,1,1,0,0,0,1,0
1,2867,0.0,535.0,360.0,1.0,2867.0,0.18660620851531,1,0,0,0,1,0,1
2,9085,5278.0,700.0,240.0,1.0,14363.0,0.04873633641657479,1,1,0,0,0,0,1
1,7137,0.0,700.0,360.0,1.0,7137.0,0.09808042593553587,0,0,0,0,1,0,1
0,2648,0.0,470.0,180.0,1.0,2648.0,0.1774924470628805,1,0,1,0,0,1,1
0,4342,0.0,646.0,360.0,1.0,4342.0,0.14877936431396144,1,0,1,0,0,0,1
3,4702,1136.0,700.0,360.0,-1.0,5838.0,0.11990407671807055,1,1,0,0,1,0,1
0,16596,4801.0,700.0,120.0,1.0,21397.0,0.03271486656855097,0,1,0,0,0,1,1
2,6005,0.0,700.0,84.0,1.0,6005.0,0.11656952537609166,1,0,0,0,1,0,0
3,7845,275.0,700.0,360.0,1.0,8120.0,0.08620689654110752,1,1,0,0,1,0,1
0,2833,2837.0,700.0,120.0,0.0,5670.0,0.1234567901016831,1,1,0,0,1,0,0
0,2212,0.0,471.0,360.0,1.0,2212.0,0.2129294754914424,1,1,0,0,0,1,0
0,11585,0.0,700.0,360.0,1.0,11585.0,0.060422960719859906,1,0,0,0,1,0,1
0,10872,5092.0,700.0,360.0,1.0,15964.0,0.043848659481091914,1,1,1,0,0,0,1
2,4311,1913.0,700.0,360.0,1.0,6224.0,0.11246786630583742,1,1,0,1,0,1,1
0,3374,0.0,493.0,360.0,1.0,3374.0,0.1461173680657625,0,1,1,1,1,0,1
0,12082,711.0,700.0,360.0,1.0,12793.0,0.054717423586749206,1,1,1,0,0,1,1
0,3696,414.0,557.0,360.0,0.0,4110.0,0.13552311432225714,1,1,0,0,0,1,0
0,8427,0.0,700.0,360.0,1.0,8427.0,0.08306633439147189,0,0,0,0,0,0,1
0,2966,0.0,550.0,120.0,1.0,2966.0,0.1854349291350523,0,1,0,0,0,1,1
3,7706,0.0,700.0,360.0,0.0,7706.0,0.09083830780030647,0,0,1,0,0,1,1
0,3039,1159.0,478.0,360.0,1.0,4198.0,0.11386374461318156,1,1,0,0,1,0,1
0,11499,0.0,700.0,180.0,0.0,11499.0,0.06087485867806984,1,0,0,0,1,0,0
3,4718,464.0,620.0,360.0,1.0,5182.0,0.11964492471639425,1,1,0,1,0,1,1
0,3284,0.0,622.0,360.0,0.0,3284.0,0.1894031668119966,0,0,1,0,1,0,0
2,15297,2900.0,700.0,360.0,-1.0,18197.0,0.03846787931865319,1,1,0,0,1,0,0
3,4546,636.0,700.0,360.0,1.0,5182.0,0.13508297951850964,1,1,0,0,0,1,1
0,2649,0.0,501.0,360.0,1.0,2649.0,0.18912797274853607,0,0,1,1,0,1,1
0,1427,3923.0,653.0,240.0,1.0,5350.0,0.12205607474354091,1,1,0,0,1,0,1
2,4765,5118.0,700.0,60.0,1.0,9883.0,0.07082869573299315,1,1,1,1,0,1,1
2,6287,4491.0,700.0,360.0,-1.0,10778.0,0.06494711448645879,1,1,0,0,0,1,1
0,10775,0.0,700.0,360.0,1.0,10775.0,0.06496519720974801,1,0,0,1,0,1,1
0,2186,0.0,389.0,360.0,1.0,2186.0,0.17795059461209947,1,0,0,0,0,1,1
2,10426,0.0,700.0,360.0,0.0,10426.0,0.0671398426945003,1,0,0,0,1,0,0
2,11079,1596.0,700.0,360.0,1.0,12675.0,0.05522682445323654,1,1,0,0,1,0,1
0,11302,0.0,700.0,360.0,1.0,11302.0,0.06193594053601699,1,0,0,0,1,0,1
3,4311,0.0,528.0,360.0,0.0,4311.0,0.12247738340930703,0,1,1,0,0,0,0
0,6038,0.0,695.0,36.0,1.0,6038.0,0.11510433916609732,1,0,0,0,0,1,1
0,8422,3720.0,700.0,360.0,1.0,12142.0,0.0576511283101918,1,1,0,0,0,1,1
0,4893,0.0,580.0,240.0,1.0,4893.0,0.11853668503606443,1,0,0,0,0,1,1
3,3259,2123.0,700.0,360.0,-1.0,5382.0,0.13006317351726807,0,1,0,0,1,0,1
1,4707,2880.0,700.0,360.0,1.0,7587.0,0.09226308157476432,0,1,0,0,0,0,0
3,12908,0.0,700.0,360.0,1.0,12908.0,0.05422993491987682,1,0,0,0,1,0,1
0,7149,0.0,700.0,240.0,1.0,7149.0,0.09791579240482363,1,0,0,1,0,1,1
0,9005,0.0,700.0,360.0,0.0,9005.0,0.07773459188476017,0,0,0,0,0,0,0
0,7050,1182.0,700.0,60.0,1.0,8232.0,0.08503401359511248,0,1,0,0,0,1,0
1,15474,0.0,700.0,360.0,1.0,15474.0,0.04523717202757935,1,0,0,0,0,1,1
0,7367,1074.0,700.0,360.0,1.0,8441.0,0.08292856295664867,0,1,0,0,0,1,1
0,8049,0.0,700.0,120.0,1.0,8049.0,0.08696732512275222,1,0,0,0,0,1,1
3,3975,1855.0,700.0,360.0,0.0,5830.0,0.12006861061405341,1,1,0,0,1,0,1
2,4768,9961.0,700.0,240.0,0.0,14729.0,0.0475252902405102,1,1,0,0,0,1,1
0,1431,0.0,299.0,360.0,1.0,1431.0,0.20894479370444108,1,0,0,0,1,0,1
0,3043,0.0,365.0,360.0,1.0,3043.0,0.1199474202694882,1,0,0,1,1,0,1
2,6426,2260.0,700.0,360.0,0.0,8686.0,0.08058945428498855,1,1,1,0,0,0,0
0,2525,0.0,421.0,180.0,1.0,2525.0,0.166732673201294,0,1,0,0,1,0,1
0,2648,0.0,299.0,360.0,1.0,2648.0,0.11291540781234313,1,0,0,0,0,1,1
0,7781,2480.0,700.0,360.0,1.0,10261.0,0.06821947177972718,1,1,0,0,0,0,1
2,2336,2129.0,599.0,180.0,1.0,4465.0,0.13415453524431029,1,1,1,0,0,0,0
0,1865,0.0,247.0,360.0,1.0,1865.0,0.13243967821316907,1,0,0,1,0,1,1
1,7215,492.0,700.0,360.0,-1.0,7707.0,0.09082652133244758,1,1,0,0,0,0,1
1,4053,0.0,583.0,360.0,1.0,4053.0,0.1438440660883681,1,0,0,0,1,0,1
0,4042,3188.0,700.0,84.0,1.0,7230.0,0.0968188104983653,0,1,0,0,0,1,1
0,3966,2601.0,700.0,360.0,0.0,6567.0,0.10659357391402564,1,1,0,0,0,1,0
0,2499,2368.0,673.0,360.0,1.0,4867.0,0.13827820009486783,1,1,0,0,0,1,1
0,5025,1947.0,700.0,360.0,1.0,6972.0,0.10040160641130212,1,1,0,0,1,0,1
1,8831,1537.0,700.0,360.0,1.0,10368.0,0.06751543209225352,1,1,1,0,0,0,0
2,3670,10953.0,700.0,360.0,1.0,14623.0,0.047869794156611516,1,1,0,0,0,0,1
3,4473,0.0,533.0,240.0,0.0,4473.0,0.11915940082290198,1,1,0,0,1,0,0
0,2653,0.0,315.0,360.0,1.0,2653.0,0.11873350919007407,1,1,0,0,1,0,1
0,7914,0.0,700.0,240.0,-1.0,7914.0,0.08845084658978382,1,0,0,0,1,0,1
1,7230,485.0,700.0,300.0,1.0,7715.0,0.09073233958642483,1,1,0,0,0,0,1
2,5829,0.0,700.0,360.0,1.0,5829.0,0.12008920910617786,1,1,1,0,0,1,1
0,7142,0.0,700.0,360.0,1.0,7142.0,0.09801176139764607,1,0,0,0,1,0,1
0,5987,1687.0,700.0,360.0,1.0,7674.0,0.09121709667823598,1,1,0,0,0,1,1
0,5756,1964.0,700.0,240.0,-1.0,7720.0,0.0906735751177884,0,1,0,0,1,0,1
0,6353,0.0,700.0,240.0,0.0,6353.0,0.11018416494409189,0,0,0,0,0,1,1
0,10786,184.0,700.0,360.0,1.0,10970.0,0.06381039197230534,1,1,0,0,1,0,0
2,5949,0.0,671.0,240.0,1.0,5949.0,0.11279206587446762,1,0,1,1,0,0,1
0,8529,1308.0,700.0,360.0,1.0,9837.0,0.07115990646831759,1,1,0,0,1,0,1
2,6568,0.0,700.0,360.0,-1.0,6568.0,0.10657734468535666,1,0,0,0,0,1,1
0,2450,118.0,418.0,360.0,1.0,2568.0,0.16277258560639699,1,1,0,0,1,0,1
0,8197,3912.0,700.0,360.0,1.0,12109.0,0.057808241798843155,1,1,1,1,0,1,1
0,11847,0.0,700.0,180.0,1.0,11847.0,0.059086688608163525,1,0,0,0,1,0,1
0,2158,793.0,373.0,360.0,1.0,2951.0,0.12639783120081402,1,1,0,0,1,0,0
0,7963,37946.0,700.0,360.0,1.0,45909.0,0.015247554945321233,1,1,1,0,0,1,1
0,5878,3150.0,700.0,360.0,1.0,9028.0,0.07753655293780055,1,1,0,0,0,1,1
0,6143,1611.0,700.0,360.0,1.0,7754.0,0.0902759865759252,1,1,0,0,1,0,0
0,7325,0.0,700.0,180.0,1.0,7325.0,0.09556313991869445,1,0,0,0,1,0,1
0,11522,3071.0,700.0,360.0,1.0,14593.0,0.04796820393010565,1,1,0,1,0,0,1
3,2019,0.0,317.0,360.0,1.0,2019.0,0.15700841993214046,1,0,1,1,1,0,1
0,6447,0.0,700.0,120.0,1.0,6447.0,0.10857763299075886,1,0,0,0,0,1,1
0,2293,1433.0,579.0,360.0,1.0,3726.0,0.1553945249180369,1,1,1,1,0,1,1
0,7194,716.0,700.0,360.0,1.0,7910.0,0.08849557521005112,1,1,0,0,0,0,1
0,11054,0.0,700.0,360.0,1.0,11054.0,0.06332549302846703,1,0,0,0,0,1,1
0,3435,0.0,501.0,360.0,1.0,3435.0,0.14585152834181905,1,0,1,0,1,0,1
0,4057,3828.0,700.0,360.0,1.0,7885.0,0.08877615724936257,1,1,0,0,1,0,1
0,4129,2347.0,700.0,360.0,0.0,6476.0,0.10809141443667519,1,1,0,0,0,1,0
2,2904,2661.0,700.0,36.0,1.0,5565.0,0.1257861634994095,1,1,0,0,1,0,1
1,6160,0.0,700.0,360.0,1.0,6160.0,0.11363636361791617,0,1,0,0,0,0,1
0,3392,2922.0,700.0,240.0,1.0,6314.0,0.11086474499352791,1,1,0,0,0,1,1
0,6928,930.0,700.0,360.0,1.0,7858.0,0.08908119113144805,1,1,0,0,1,0,1
0,3463,0.0,447.0,360.0,1.0,3463.0,0.12907883334418746,1,0,0,0,0,1,1
0,4855,788.0,700.0,360.0,1.0,5643.0,0.12404749244656255,1,1,0,0,1,0,1
0,6599,684.0,700.0,360.0,0.0,7283.0,0.09611423862472686,1,1,0,0,0,1,0
0,7036,0.0,700.0,360.0,1.0,7036.0,0.09948834563679812,0,0,0,0,0,1,1
1,3949,0.0,560.0,360.0,1.0,3949.0,0.14180805263565255,1,0,0,0,0,1,1
3,5570,1579.0,700.0,360.0,1.0,7149.0,0.09791579240482363,1,1,0,0,0,1,1
0,8101,1206.0,700.0,360.0,1.0,9307.0,0.0752122058584708,1,1,0,0,0,0,1
0,8300,0.0,700.0,360.0,1.0,8300.0,0.08433734938742923,1,0,0,0,0,1,1
1,2915,1765.0,700.0,240.0,-1.0,4680.0,0.1495726495406896,1,1,0,1,0,0,1
0,4370,0.0,663.0,360.0,1.0,4370.0,0.15171624710487042,1,0,0,0,1,0,1
0,6428,0.0,700.0,360.0,0.0,6428.0,0.10889856874472642,1,0,0,0,1,0,0
3,6956,0.0,700.0,360.0,1.0,6956.0,0.10063254742659106,1,1,0,0,0,1,0
0,1730,239.0,231.0,360.0,1.0,1969.0,0.11731843569460719,0,1,0,0,0,1,1
2,2268,2138.0,700.0,360.0,-1.0,4406.0,0.15887426233343752,1,1,0,0,0,1,1
0,8419,0.0,700.0,360.0,0.0,8419.0,0.08314526664887216,1,0,0,0,0,1,0
1,9013,0.0,700.0,360.0,1.0,9013.0,0.07766559413317811,1,1,0,0,0,1,1
3,6886,0.0,700.0,360.0,1.0,6886.0,0.10165553295067448,1,0,1,0,0,1,1
2,4331,0.0,625.0,360.0,-1.0,4331.0,0.14430847376026126,0,0,1,0,1,0,1
0,3454,521.0,512.0,360.0,1.0,3975.0,0.1288050314141371,1,1,0,0,1,0,1
0,2484,0.0,411.0,360.0,1.0,2484.0,0.16545893713145776,1,0,1,0,0,0,1
0,7652,3170.0,700.0,240.0,1.0,10822.0,0.0646830530341265,1,1,0,0,0,1,1
2,2890,807.0,520.0,360.0,1.0,3697.0,0.14065458476043965,0,1,0,0,0,1,1
0,4047,0.0,476.0,360.0,0.0,4047.0,0.11761798860449271,0,0,0,1,0,1,0
0,3619,5463.0,700.0,360.0,1.0,9082.0,0.07707553401485624,0,1,0,0,1,0,1
3,5196,0.0,681.0,360.0,1.0,5196.0,0.13106235563297491,1,0,0,1,1,0,1
0,4038,0.0,568.0,240.0,1.0,4038.0,0.1406636948636296,1,0,0,0,0,1,1
0,6171,1984.0,700.0,360.0,1.0,8155.0,0.08583690986071896,1,1,0,0,1,0,1
